Name,BSE Code,NSE Code,Market Capitalization
Reliance Industries,500325,RELIANCE,1748674.22
HDFC Bank,500180,HDFCBANK,1276539.02
Bharti Airtel,532454,BHARTIARTL,1167198.11
ICICI Bank,532174,ICICIBANK,1016286.12
SBI,500112,SBIN,953938.19
TCS,532540,TCS,757627.61
Bajaj Finance,500034,BAJFINANCE,641024.28
Life Insurance,543526,LICI,555398.05
Larsen & Toubro,500510,LT,546659.75
Hind. Unilever,500696,HINDUNILVR,510989.13
Sun Pharma.Inds.,524715,SUNPHARMA,459292.71
Maruti Suzuki,532500,MARUTI,449910.08
Infosys,500209,INFY,433755.19
Adani Power,533096,ADANIPOWER,425709.6
Adani Ports,532921,ADANIPORTS,424654.16
Axis Bank,532215,AXISBANK,414355.63
Titan Company,500114,TITAN,407928.87
Adani Enterp.,512599,ADANIENT,404711.56
M & M,500520,M&M,394198.7
Kotak Mah. Bank,500247,KOTAKBANK,376532.65
ITC,500875,ITC,353581.59
UltraTech Cem.,532538,ULTRACEMCO,340796.47
NTPC,532555,NTPC,340352.98
HCL Technologies,532281,HCLTECH,316182.73
O N G C,500312,ONGC,306329.74
Bharat Electron,500049,BEL,303465.45
JSW Steel,500228,JSWSTEEL,303407.45
Bajaj Finserv,532978,BAJAJFINSV,301383.55
Hind.Aeronautics,541154,HAL,294979.98
Bajaj Auto,532977,BAJAJ-AUTO,284053.6
Nestle India,500790,NESTLEIND,282652.33
Eternal,543320,ETERNAL,280004.94
Coal India,533278,COALINDIA,265551.95
Avenue Super.,540376,DMART,263507.39
Power Grid Corpn,532898,POWERGRID,262835.1
Asian Paints,500820,ASIANPAINT,258249.61
Adani Green,541450,ADANIGREEN,252643.9
Shriram Finance,511218,SHRIRAMFIN,245797.22
Tata Steel,500470,TATASTEEL,236188.37
Hindustan Zinc,500188,HINDZINC,228568.61
Hindalco Inds.,500440,HINDALCO,218745.01
Grasim Inds,500300,GRASIM,216399.44
Interglobe Aviat,539448,INDIGO,204839.53
Eicher Motors,505200,EICHERMOT,204227.49
Adani Energy Sol,539254,ADANIENSOL,201965.65
I O C L,530965,IOC,196991.26
SBI Life Insuran,540719,SBILIFE,184099.66
Divi's Lab.,532488,DIVISLAB,182009.27
Vedanta Aluminium Metal,544780,VAML,176749.54
TVS Motor Co.,532343,TVSMOTOR,176687.27
Wipro,507685,WIPRO,172618.85
Torrent Pharma.,500420,TORNTPHARM,166916.23
Solar Industries,532725,SOLARINDS,164568.37
DLF,532868,DLF,164410.18
Pidilite Inds.,500331,PIDILITIND,162966.21
Varun Beverages,540180,VBL,162020.05
ICICI AMC,544658,ICICIAMC,160085.4
Hyundai Motor I,544274,HYUNDAI,159566.8
Cholaman.Inv.&Fn,511243,CHOLAFIN,156995.29
Jio Financial,543940,JIOFIN,156857.63
Trent,500251,TRENT,155703.8
Tata Motors,544569,TMCV,155081.35
Vodafone Idea,532822,IDEA,153197.07
Samvardh. Mothe.,517334,MOTHERSON,152195.03
Cummins India,500480,CUMMINSIND,152044.19
BSE,,BSE,150993.92
Tata Capital,544574,TATACAP,148379.41
A B B,500002,ABB,145074.64
CG Power & Ind,500093,CGPOWER,142866.42
Hitachi Energy,543187,POWERINDIA,142720.66
Tech Mahindra,532755,TECHM,141804.63
Polycab India,542652,POLYCAB,141137.48
Power Fin.Corpn.,532810,PFC,136376.71
B P C L,500547,BPCL,132302.74
B H E L,500103,BHEL,130925.56
Britannia Inds.,500825,BRITANNIA,130419.32
Apollo Hospitals,508869,APOLLOHOSP,127249.42
Muthoot Finance,533398,MUTHOOTFIN,126546.85
Bank of Baroda,532134,BANKBARODA,126232.96
Tata Motors PVeh,500570,TMPV,124489.72
Siemens,500550,SIEMENS,123949.52
HDFC Life Insur.,540777,HDFCLIFE,123798.5
Bosch,500530,BOSCHLTD,122939.76
Billionbrains,544603,GROWW,122084.18
Siemens Ener.Ind,544390,ENRIN,121216.31
GMR Airports,532754,GMRAIRPORT,121111.44
Union Bank (I),532477,UNIONBANK,120992.69
Tata Power Co.,500400,TATAPOWER,119921.16
HDFC AMC,541729,HDFCAMC,118857
Bajaj Holdings,500490,BAJAJHLDNG,118457.06
Cipla,500087,CIPLA,118224.11
Punjab Natl.Bank,532461,PNB,117917.61
Zydus Lifesci.,532321,ZYDUSLIFE,116782.76
I R F C,543257,IRFC,116440.41
Lupin,500257,LUPIN,115067.15
LTM,540005,LTM,114199.23
GE Vernova T&D,522275,GVT&D,114129.16
Dr Reddy's Labs,500124,DRREDDY,113929.07
Lodha Developers,543287,LODHA,113891.75
GAIL (India),532155,GAIL,113847.84
Canara Bank,532483,CANBK,112294.62
Godrej Consumer,532424,GODREJCP,111022.1
Tata Consumer,500800,TATACONSUM,109752.4
Marico,531642,MARICO,109733.16
Aditya Birla Cap,540691,ABCAPITAL,109682.67
Max Healthcare,543220,MAXHEALTH,108735.69
Vedanta,500295,VEDL,108630.57
Ambuja Cements,500425,AMBUJACEM,107841.11
Indian Bank,532814,INDIANB,106544.82
Jindal Steel,532286,JINDALSTEL,106395.21
LG Electronics,544576,LGEINDIA,106292.4
Indian Hotels Co,500850,INDHOTEL,105163.14
Mankind Pharma,543904,MANKIND,104075.01
United Spirits,532432,UNITDSPR,102847.44
Indus Towers,534816,INDUSTOWER,102650.91
Bharat Forge,500493,BHARATFORG,101904.59
Mazagon Dock,543237,MAZDOCK,101621.5
Lloyds Metals,512455,LLOYDSME,100372.03
JSW Energy,533148,JSWENERGY,99438.96
Hero Motocorp,500182,HEROMOTOCO,99134.07
Shree Cement,500387,SHREECEM,96460.62
Oracle Fin.Serv.,532466,OFSS,96276.11
Ashok Leyland,500477,ASHOKLEY,95038.94
REC Ltd,532955,RECLTD,93874.44
Lenskart Solut.,544600,LENSKART,93708.36
Aurobindo Pharma,524804,AUROPHARMA,92876.02
FSN E-Commerce,543384,NYKAA,91871.51
ICICI Lombard,540716,ICICIGI,91499.1
IDBI Bank,500116,IDBI,89363.25
Meesho,544632,MEESHO,87820.15
H P C L,500104,HINDPETRO,83368.11
SRF,503806,SRF,82284.57
L&T Finance Ltd,533519,LTF,82148.11
Waaree Energies,544277,WAAREEENER,82092.82
Dixon Technolog.,540699,DIXON,81406.48
Federal Bank,500469,FEDERALBNK,81099.77
AU Small Finance,540611,AUBANK,80233.62
Laurus Labs,540222,LAURUSLABS,79689.51
One 97,543396,PAYTM,79568.27
IndusInd Bank,532187,INDUSINDBK,79378.04
Dabur India,500096,DABUR,78878.78
NHPC Ltd,533098,NHPC,78742.96
Adani Total Gas,542066,ATGL,78625.45
NTPC Green Ene.,544289,NTPCGREEN,78558.72
Info Edg.(India),532777,NAUKRI,77424.66
Nippon Life Ind.,540767,NAM-INDIA,77316.46
Havells India,517354,HAVELLS,76826.07
Bharti Hexacom,544162,BHARTIHEXA,76547.5
Persistent Systems,533179,PERSISTENT,76017.38
Yes Bank,532648,YESBANK,74763.27
JSW Infrast,543994,JSWINFRA,74746.45
NMDC,526371,NMDC,74334.79
Phoenix Mills,503100,PHOENIXLTD,73852.75
Suzlon Energy,532667,SUZLON,73833.94
Bajaj Housing,544252,BAJAJHFL,73216.27
PB Fintech.,543390,POLICYBZR,73050.26
Swiggy,544285,SWIGGY,72872.22
Fortis Health.,532843,FORTIS,72502.38
Prestige Estates,533274,PRESTIGE,72390.7
ICICI Pru Life,540133,ICICIPRULI,70892.51
Torrent Power,532779,TORNTPOWER,70387.77
Oberoi Realty,533273,OBEROIRLTY,69848
IDFC First Bank,539437,IDFCFIRSTB,69383.06
Oil India,533106,OIL,69350.42
Multi Comm. Exc.,534091,MCX,69236.64
S A I L,500113,SAIL,68112.38
Alkem Lab,539523,ALKEM,67496.87
Biocon,532523,BIOCON,66410.05
I O B,532388,IOB,65992.34
Uno Minda,532539,UNOMINDA,65854.4
Natl. Aluminium,532234,NATIONALUM,64603.53
Schaeffler India,505790,SCHAEFFLER,64393.98
General Insuranc,540755,GICRE,64316.3
Glenmark Pharma.,532296,GLENMARK,63833.82
Bank of Maha,532525,MAHABANK,63801.48
Coforge,532541,COFORGE,63528.19
Bank of India,532149,BANKINDIA,62804.04
Godrej Propert.,533150,GODREJPROP,62347.74
Linde India,523457,LINDEINDIA,60602.1
Coromandel Inter,506395,COROMANDEL,60428.22
HDB FINANC SER,544429,HDBFS,59874.31
Berger Paints,509480,BERGEPAINT,58999.74
MRF,500290,MRF,58185.73
RBL Bank,540065,RBLBANK,57397.3
Jindal Stain.,532508,JSL,57354.84
Motil.Oswal.Fin.,532892,MOTILALOFS,57161.81
Tube Investments,540762,TIINDIA,56947.81
SBI Cards,543066,SBICARD,56730.51
Abbott India,500488,ABBOTINDIA,56705.65
F A C T,590024,FACT,56243.51
Colgate-Palmoliv,500830,COLPAL,55784.24
Apar Inds.,532259,APARINDS,55541.51
Vishal Mega Mart,544307,VMM,55462.22
Max Financial,500271,MFSL,54973.33
Radico Khaitan,532497,RADICO,54928.62
Thermax,500411,THERMAX,54172.61
Tata Comm,500483,TATACOMM,53986.42
Sundaram Finance,590071,SUNDARMFIN,52917.65
Knowledge Realty,544481,KRT,51421.29
Altius Telecom,543225,,51382.21
Bharat Dynamics,541143,BDL,50596.64
APL Apollo Tubes,533758,APLAPOLLO,50575.48
UPL,512070,UPL,49946.51
Piramal Finance.,544597,PIRAMALFIN,49272.9
KEI Industries,517569,KEI,48134.9
Hindustan Copper,513599,HINDCOPPER,48012.79
Rail Vikas,542649,RVNL,47986.74
Page Industries,532827,PAGEIND,46836.94
Premier Energies,544238,PREMIERENE,46827.33
360 ONE,542772,360ONE,46567.51
Aegis Logistics,500003,AEGISLOG,46437.3
M & M Fin. Serv.,532720,M&MFIN,45924.65
Ipca Labs.,524494,IPCALAB,44942.44
Patanjali Foods,500368,PATANJALI,44824.64
Ather Energy,544397,ATHERENERG,44668.12
Mphasis,526299,MPHASIS,44046.68
Balkrishna Inds,502355,BALKRISIND,43950.68
Physicswallah,544609,PWL,43600.33
AIA Engineering,532683,AIAENG,43599.32
Authum Invest,539177,AIIL,43416.64
Anthem Bioscienc,544449,ANTHEM,43005.62
Embassy Off.REIT,542602,EMBASSY,42615.41
Gujarat Fluoroch,542812,FLUOROCHEM,42424.08
Voltas,500575,VOLTAS,42257.26
H U D C O,540530,HUDCO,42160.02
Aditya Infotech,544466,CPPLUS,42119.8
NLC India,513683,NLCINDIA,41904.17
Sona BLW Precis.,543300,SONACOMS,41862.92
J K Cements,532644,JKCEMENT,41639.45
Gland Pharma,543245,GLAND,41634.99
Ajanta Pharma,532331,AJANTPHARM,41473.02
Poonawalla Fin,524000,POONAWALLA,41427.49
Petronet LNG,532522,PETRONET,41257.5
Glaxosmi. Pharma,500660,GLAXO,41191.92
Aster DM Health.,540975,ASTERDM,41190.64
Godrej Industrie,500164,GODREJIND,41177.76
Narayana Hrudaya,539551,NH,41011.11
Welspun Corp,532144,WELCORP,40913.93
Supreme Inds.,509930,SUPREMEIND,40275.16
I R C T C,542830,IRCTC,40032
3M India,523395,3MINDIA,39742.25
P I Industries,523642,PIIND,39628.77
J B Chemicals &,506943,JBCHEPHARM,39457.29
Delhivery,543529,DELHIVERY,38846.49
Navin Fluo.Intl.,532504,NAVINFLUOR,38714.34
K P R Mill Ltd,532889,KPRMILL,38563.45
ITC Hotels,544325,ITCHOTELS,38555.93
Kalyan Jewellers,543278,KALYANKJIL,38552.16
Endurance Tech.,540153,ENDURANCE,37537.32
Cochin Shipyard,540678,COCHINSHIP,37428.44
Schneider Elect.,534139,SCHNEIDER,36732.93
Astral,532830,ASTRAL,36289.22
Exide Inds.,500086,EXIDEIND,35848.75
Global Health,543654,MEDANTA,35355.29
Container Corpn.,531344,CONCOR,35339.02
United Breweries,532478,UBL,35312.65
Bagmane Prime REIT,544758,BAGMANE,35271.6
Emcure Pharma,544210,EMCURE,35032
Indian Renewable,544026,IREDA,34834.43
Nuvama Wealth,543988,NUVAMA,34742.54
Star Health Insu,543412,STARHEALTH,34661.28
Anand Rathi Wea.,543415,ANANDRATHI,34495.09
Tata Inv.Corpn.,501301,TATAINVEST,34455.43
L&T Technology,540115,LTTS,34024.14
Krishna Institu.,543308,KIMS,33858.82
HFCL,500183,HFCL,33742.11
Honeywell Auto,517174,HONAUT,33547.8
Aditya AMC,543374,ABSLAMC,33518.68
Kirloskar Oil,533293,KIRLOSENG,33486.82
Dalmia BharatLtd,542216,DALBHARAT,33371.75
Escorts Kubota,500495,ESCORTS,33286.42
Godfrey Phillips,500163,GODFRYPHLP,33094.65
UCO Bank,532505,UCOBANK,33079.35
Blue Star,500067,BLUESTARCO,33044.34
Hexaware Tech.,544362,HEXT,32994.86
Bandhan Bank,541153,BANDHANBNK,32761.25
National High,543385,NHIT,32529.41
Mindspace Busine,543217,MINDSPACE,32442.97
Himadri Special,500184,HSCL,32399.17
Manappuram Fin.,531213,MANAPPURAM,32162.86
Aegis Vopak Term,544407,AEGISVOPAK,31926.78
Chola Financial,504973,CHOLAHLDNG,31865.83
Inventurus Knowl,544309,IKS,31737.95
Angel One,543235,ANGELONE,31096.18
Garden Reach Sh.,542011,GRSE,30848.3
New India Assura,540769,NIACL,30356.16
Wockhardt,532300,WOCKPHARMA,30352.71
Cupid,530843,CUPID,30194.35
LIC Housing Fin.,500253,LICHSGFIN,29868.44
Karur Vysya Bank,590003,KARURVYSYA,29546.14
Tata Technolog.,544028,TATATECH,29254.06
Central Bank,532885,CENTRALBK,29199.79
P & G Hygiene,500459,PGHH,28971.2
CRISIL,500092,CRISIL,28805.89
Apollo Tyres,500877,APOLLOTYRE,28738.3
TVS Holdings,520056,TVSHLTD,28670.42
Metro Brands,543426,METROBRAND,28665.68
Jubilant Food.,533155,JUBLFOOD,28660.33
Acutaas Chemical,543349,ACUTAAS,28473.11
PNB Housing,540173,PNBHOUSING,28427.78
C D S L,,CDSL,28405.19
Go Digit General,544179,GODIGIT,28292.81
Dr Lal Pathlabs,539524,LALPATHLAB,28196.66
Brookfield India,543261,BIRET,28141.26
ITI,523610,ITI,28023.11
SJVN,533206,SJVN,27881.9
ZF Commercial,533023,ZFCVINDIA,27514.76
Motherson Wiring,543498,MSUMI,27256.17
Gujarat Energy,539336,GUJENERGY,27208.72
Sterlite Tech.,532374,STLTECH,27141.43
Shyam Metalics,543299,SHYAMMETL,26886.01
Syrma SGS Tech.,543573,SYRMA,26839.13
Amber Enterp.,540902,AMBER,26757.62
NBCC,534309,NBCC,26271
PTC Industries,539006,PTCIL,26234.64
Sai Life,544306,SAILIFE,26231.13
ACME Solar Hold.,544283,ACMESOLAR,25984.67
M R P L,500109,MRPL,25885.91
ACC,500410,ACC,25763.48
Cemindia Project,509496,CEMPRO,25521.63
Gillette India,507815,GILLETTE,25461.61
R R Kabel,543981,RRKABEL,25364.44
CreditAcc. Gram.,541770,CREDITACC,25264.1
Data Pattern,543428,DATAPATTNS,24955.08
Nexus Select,543913,NXST,24879.35
Neuland Labs.,524558,NEULANDLAB,24618.81
IRB Infra.Devl.,532947,IRB,24590.8
Netweb Technol.,543945,NETWEB,24399.36
Force Motors,500033,FORCEMOT,24270.67
Timken India,522113,TIMKEN,24212.53
Craftsman Auto,543276,CRAFTSMAN,24001.8
AWL Agri Busine.,543458,AWL,23901.14
Sumitomo Chemi.,542920,SUMICHEM,23744.35
Aadhar Hsg. Fin.,544176,AADHARHFC,23703.65
Tenneco Clean,544612,TENNIND,23580.58
KIOCL,540680,KIOCL,23486.54
Capri Global,531595,CGCL,23096.5
Piramal Pharma,543635,PPLPHARMA,22985.69
Tata Elxsi,500408,TATAELXSI,22895.1
Kalpataru Proj.,522287,KPIL,22869.86
Emmvee Photovol.,544608,EMMVEE,22781.56
Rubicon Research,544578,RUBICON,22732.66
Grindwell Norton,506076,GRINDWELL,22677.1
IIFL Finance,532636,IIFL,22563.57
Asahi India Glas,515030,ASAHIINDIA,22432.34
Kaynes Tech,543664,KAYNES,22219.63
City Union Bank,532210,CUB,22139.14
CESC,500084,CESC,21938.21
The Ramco Cement,500260,RAMCOCEM,21897.2
MTAR Technologie,543270,MTARTECH,21839.46
HBL Engineering,517271,HBLENGINE,21551.88
Deepak Nitrite,506401,DEEPAKNTR,21503.72
Indraprastha Gas,532514,IGL,21392.02
Redington,532805,REDINGTON,21303.36
Granules India,532482,GRANULES,21280.82
Carborundum Uni.,513375,CARBORUNIV,21222.88
Urban Company,544515,URBANCO,21104.76
Thangamayil Jew.,533158,THANGAMAYL,21028.34
Pfizer,500680,PFIZER,21002.79
Cube Highways,543899,CUBEINVIT,20967.49
EIH,500840,EIHOTEL,20780.86
Affle 3i,542752,AFFLE,20583.71
Belrise Industri,544405,BELRISE,20449.45
Astrazeneca Phar,506820,ASTRAZEN,20368.51
Hatsun Agro,531531,HATSUN,20314.63
IndiGrid Trust,540565,INDIGRID,20269.19
GE Shipping Co,500620,GESHIP,20191.51
Anant Raj,515055,ANANTRAJ,20158.48
IFCI,500106,IFCI,20075.3
Triveni Turbine,533655,TRITURBINE,19963.76
Sansera Enginee.,543358,SANSERA,19773.49
Caplin Point Lab,524742,CAPLIPOINT,19749.32
ERIS Lifescience,540596,ERIS,19680.93
Sun TV Network,532733,SUNTV,19664.81
Deepak Fertilis.,500645,DEEPAKFERT,19645.13
Sundram Fasten.,500403,SUNDRMFAST,19572.42
Sammaan Capital,535789,SAMMAANCAP,19548.74
Ola Electric,544225,OLAELEC,19513.34
G M D C,532181,GMDCLTD,19229.46
Sagility,544282,SAGILITY,19216.85
Kajaria Ceramics,500233,KAJARIACER,19197.21
Cams Services,543232,CAMS,19177.56
Allied Blenders,544203,ABDL,19051.07
Central Mine Pla,544739,CMPDI,18921
SPR Auto Technologies,544344,SHRIPISTON,18811.06
Atul,500027,ATUL,18810.33
Bayer Crop Sci.,506285,BAYERCROP,18794.09
Elgi Equipments,522074,ELGIEQUIP,18735.66
Chambal Fert.,500085,CHAMBLFERT,18658.38
OneSource Speci.,544292,ONESOURCE,18600.72
JSW Cement,544480,JSWCEMENT,18569.03
Vardhman Textile,502986,VTL,18551.06
J & K Bank,532209,J&KBANK,18433.79
Zydus Wellness,531335,ZYDUSWELL,18367.49
Ratnamani Metals,520111,RATNAMANI,18347.98
Gabriel India,505714,GABRIEL,18300.26
Tata Chemicals,500770,TATACHEM,18272.62
Castrol India,500870,CASTROLIND,18239.41
Emami,531162,EMAMILTD,18184.63
Prime Focus,532748,PFOCUS,18100
Aether Industri.,543534,AETHER,17964.03
Jyoti CNC Auto.,544081,JYOTICNC,17625.28
Bharat Coking,544678,BHARATCOAL,17617.5
Pun. & Sind Bank,533295,PSB,17611.24
Chalet Hotels,542399,CHALET,17604.93
Astra Microwave,532493,ASTRAMICRO,17557.68
CIE Automotive,532756,CIEINDIA,17543.63
Sarda Energy,504614,SARDAEN,17504.54
Natco Pharma,524816,NATCOPHARM,17494.56
Choice Intl.,531358,CHOICEIN,17487.95
Aarti Industries,524208,AARTIIND,17400
Travel Food,544443,TRAVELFOOD,17315.86
Firstsour.Solu.,532809,FSL,17251.48
Inox India,544046,INOXINDIA,17153.86
Aequs,544634,AEQUS,17115.36
Crompton Gr. Con,539876,CROMPTON,17112
Zen Technologies,533339,ZENTEC,17077.5
Nava,513023,NAVA,16999.54
Syngene Intl.,539268,SYNGENE,16970.25
Godawari Power,532734,GPIL,16948.61
Century Plyboard,532548,CENTURYPLY,16941.8
Brigade Enterpr.,532929,BRIGADE,16918.09
TD Power Systems,533553,TDPOWERSYS,16849.23
Pine Labs,544606,PINELABS,16846.33
IDream Film,504375,,16824.36
Poly Medicure,531768,POLYMED,16806.41
Black Box,500463,BBOX,16783.14
LMW,500252,LMW,16780.8
N S D L,544467,,16780
C P C L,500110,CHENNPETRO,16774.85
Jindal Saw,500378,JINDALSAW,16678.37
PG Electroplast,533581,PGEL,16623.29
Vertis Infra.,,VERTIS,16609.82
Kansai Nerolac,500165,KANSAINER,16574.61
Cohance Life,543064,COHANCE,16438.91
Minda Corp,538962,MINDACORP,16398.46
DCM Shriram,523367,DCMSHRIRAM,16363.04
Five-Star Bus.Fi,543663,FIVESTAR,16360.09
TBO Tek,544174,TBOTEK,16353.89
Alembic Pharma,533573,APLLTD,16337.33
Leela Palaces Hotels,544408,THELEELA,16262.08
KSB,500249,KSB,16171.73
Garware Hi Tech,500655,GRWRHITECH,16166.26
Bikaji Foods,543653,BIKAJI,16109.83
Welspun Living,514162,WELSPUNLIV,16094.56
Finolex Cables,500144,FINCABLES,16082.32
JBM Auto,532605,JBMA,16052.03
CEAT,500878,CEATLTD,16038.43
Vedanta Power,544781,VEDPOWER,16036.49
CCL Products,519600,CCL,15977.99
Niva Bupa Health,544286,NIVABUPA,15942.26
A B Real Estate,500040,ABREL,15926.7
Gallantt Ispat L,532726,GALLANTT,15916.1
Sobha,532784,SOBHA,15713.78
Jubilant Pharmo,530019,JUBLPHARMA,15638.49
Amara Raja Ener.,500008,ARE&M,15565.39
KPIT Technologi.,542651,KPITTECH,15415.08
Usha Martin,517146,USHAMART,15391.01
BASF India,500042,BASF,15344.77
Honasa Consumer,544014,HONASA,15290.55
Fine Organic,541557,FINEORG,15271.3
KFin Technolog.,543720,KFINTECH,15240.8
BEML Ltd,500048,BEML,15125.28
Clean Max Enviro,544717,CLEANMAX,15055.45
International Gemological Instit,544311,IGIL,15021.86
Azad Engineering,544061,AZAD,14937.09
Apollo Micro Sys,540879,APOLLO,14936.46
Mah. Scooters,500266,MAHSCOOTER,14936
Paradeep Phosph.,543530,PARADEEP,14887.34
Dr Agarwal's Hea,544350,AGARWALEYE,14809.42
Inox Wind,539083,INOXWIND,14690.02
Kirl. Brothers,500241,KIRLOSBROS,14657.7
Ventive Hospital,544321,VENTIVE,14622.03
Rainbow Child.,543524,RAINBOW,14544.31
Fractal Analyt.,544700,FRACTAL,14478.61
Anupam Rasayan,543275,ANURAS,14474.13
SKF India Indus.,544572,SKFINDUS,14469.03
Vedanta Oil and Gas,544782,VOGL,14444.96
Alivus Life,543322,ALIVUS,14328.59
Aptus Value Hou.,543335,APTUS,14267.57
Happy Forgings,544057,HAPPYFORGE,14257.37
eClerx Services,532927,ECLERX,14179.58
Arvind Ltd,500101,ARVIND,14125.51
Devyani Intl.,543330,DEVYANI,14104.84
Privi Speci.,530117,PRIVISCL,14082.09
JSW Dulux,500710,JSWDULUX,13994.55
DOMS Industries,544045,DOMS,13943.75
Vinati Organics,524200,VINATIORGA,13870.46
Vijaya Diagnost.,543350,VIJAYA,13786.6
Ingersoll-Rand,500210,INGERRAND,13716.77
Engineers India,532178,ENGINERSIN,13632.33
Supreme Petroch.,500405,SPLPETRO,13603.85
Vedanta Iron & Steel,544784,VISL,13588.6
S C I,523598,SCI,13554.8
Cartrade Tech,543333,CARTRADE,13524
Concord Biotech,543960,CONCORDBIO,13437.95
Canara HSBC,544583,CANHLIFE,13428.25
Gravita India,533282,GRAVITA,13408.06
Va Tech Wabag,533269,WABAG,13363.25
V-Guard Industri,532953,VGUARD,13305.5
L T Foods,532783,LTFOODS,13159.14
Shadowfax Technologies,544685,SHADOWFAX,13155.65
Shaily Engineer.,501423,SHAILY,13154.4
KEC International,532714,KEC,13152.99
EID Parry,500125,EIDPARRY,13141.16
Trident,521064,TRIDENT,13132.31
JSW Holdings,532642,JSWHL,13117.98
Avanti Feeds,512573,AVANTIFEED,12875.88
Atlanta Electric,544527,ATLANTAELE,12804.45
UTI AMC,543238,UTIAMC,12701.51
NMDC Steel,543768,NSLNISP,12698.33
Home First Finan,543259,HOMEFIRST,12578.06
Lloyds Engineeri,539992,LLOYDSENGG,12444.42
Ircon Intl.,541956,IRCON,12433.65
Techno Elec.Engg,542141,TECHNOE,12425.47
Viyash Scientific,512529,VIYASH,12400.72
Prudent Corp.,543527,PRUDENT,12388.89
JM Financial,523405,JMFINANCIL,12316.07
Marksans Pharma,524404,MARKSANS,12294.32
Corona Remedies,544644,CORONA,12285.84
Park Medi World,544645,PARKHOSPS,12284.09
PCBL Chemical,506590,PCBL,12199.3
Tega Inds.,543413,TEGA,12181.98
T N Merc. Bank,543596,TMB,12168.52
Indegene,544172,INDGN,12141.97
Sedemac Mechatro,544723,SEDEMAC,12123.44
RRPSemiconductor,504346,,12118
Amagi Media Labs,544679,AMAGI,12082.53
Balrampur Chini,500038,BALRAMCHIN,12050.66
Can Fin Homes,511196,CANFINHOME,12050.44
JK Tyre & Indust,530007,JKTYRE,12010.12
AAVAS Financiers,541988,AAVAS,11967.33
JP Power Ven.,532627,JPPOWER,11897.6
Diamond Power,522163,DIACABS,11875.29
Swan Defence,533107,SWANDEF,11874.55
Ujjivan Small,542904,UJJIVANSFB,11870
India Cements,530005,INDIACEM,11783.85
Jain Resource,544537,JAINREC,11770.87
Action Const.Eq.,532762,ACE,11765.38
Shilpa Medicare,530549,SHILPAMED,11753.5
Olectra Greentec,532439,OLECTRA,11712.94
A B Lifestyle,544403,ABLBL,11695.03
Metropolis Healt,542650,METROPOLIS,11642.72
Graphite India,509488,GRAPHITE,11617.05
Kirl.Pneumatic,505283,KIRLPNU,11589.42
Blue Dart Expres,526612,BLUEDART,11568.25
Edelweiss.Fin.,532922,EDELWEISS,11547.72
South Ind.Bank,532218,SOUTHBANK,11545.67
Indiamart Inter.,542726,INDIAMART,11538.14
Elecon Engg.Co,505700,ELECON,11430.93
Titagarh Rail,532966,TITAGARH,11318.64
Rategain Travel,543417,RATEGAIN,11310.21
Avalon Tech,543896,AVALON,11284.51
Afcons Infrastr.,544280,AFCONS,11279.95
Nuvoco Vistas,543334,NUVOCO,11250.4
Tilaknagar Inds.,507205,TI,11248.94
Lloyds Enterpris,512463,LLOYDSENT,11242.78
Brainbees Solut.,544226,FIRSTCRY,11003.02
Mahanagar Gas,539957,MGL,10992.46
Nazara Technolo.,543280,NAZARA,10986.16
Jubilant Ingrev.,543271,JUBLINGREA,10913.94
SignatureGlobal,543990,SIGNATURE,10910.21
Rites,541556,RITES,10902.51
Indian Energy Ex,540750,IEX,10825.13
Godrej Agrovet,540743,GODREJAGRO,10793.33
The Bombay Burmah,501425,BBTC,10779.75
Jupiter Wagons,533272,JWL,10756.91
Intellect Design,538835,INTELLECT,10621.1
IIFL Capital,542773,IIFLCAPS,10608.74
Paras Defence,543367,PARAS,10603.23
Ramkrishna Forg.,532527,RKFORGE,10580.44
Sanofi Consumer,544250,SANOFICONR,10536.53
Waaree Renewab.,534618,WAAREERTL,10478.45
Finolex Inds.,500940,FINPIPE,10461.23
Zensar Tech.,504067,ZENSARTECH,10446.06
Akums Drugs,544222,AKUMS,10435.23
P & G Health Ltd,500126,PGHL,10433.54
Fujiyama Power,544613,UTLSOLAR,10385.6
Reliance Power,532939,RPOWER,10306.35
Lumax Auto Tech.,532796,LUMAXTECH,10294.52
Strides Pharma,532531,STAR,10249.62
Blackbuck,544288,BLACKBUCK,10219.79
HEG,509631,HEG,10206.58
Swan Corp,503310,SWANCORP,10204.57
Tsf Investments,,TSFINV,10190.12
SBFC Finance,543959,SBFC,10175
Karnataka Bank,532652,KTKBANK,10164.48
BLS Internat.,540073,BLS,10149.4
Triven.Engg.Ind.,532356,TRIVENI,10146.59
Wework India,544570,WEWORK,10141.33
Sandur Manganese,504918,SANDUMA,10050.16
Whirlpool India,500238,WHIRLPOOL,10015.29
Blue Jet Health,544009,BLUEJET,9950.84
T R I L,532928,TARIL,9935.53
Relaxo Footwear,530517,RELAXO,9915.19
Varroc Engineer,541578,VARROC,9889.1
MMTC,513377,MMTC,9873
PVR Inox,532689,PVRINOX,9853.38
Medplus Health,543427,MEDPLUS,9839.22
Maple Inf. Trust,543925,,9809.1
Tejas Networks,540595,TEJASNET,9806.35
Alkyl Amines,506767,ALKYLAMINE,9804.21
Railtel Corpn.,543265,RAILTEL,9762.95
Volt.Transform.,532757,VOLTAMP,9752.13
Banco Products,500039,BANCOINDIA,9715.78
Zee Entertainmen,505537,ZEEL,9701.22
Health.Global,539787,HCG,9699.41
Manorama Indust.,541974,MANORAMA,9640.02
Sigma Advanced System,532408,SIGMAADV,9605.93
Vedant Fashions,543463,MANYAVAR,9533.25
Lemon Tree Hotel,541233,LEMONTREE,9506.98
Jupiter Life Lin,543980,JLHL,9492.65
PC Jeweller,534809,PCJEWELLER,9477.48
Genus Power,530343,GENUSPOWER,9419.32
Vesuvius India,520113,VESUVIUS,9397.08
Cyient,532175,CYIENT,9383.73
NCC,500294,NCC,9295.26
ASK Automotive,544022,ASKAUTOLTD,9261.76
Sudeep Pharma,544619,SUDEEPPHRM,9208.71
Le Travenues,544192,IXIGO,9188.54
Pearl Global Ind,532808,PGIL,9177.01
Sky Gold & Diam.,541967,SKYGOLD,9137.58
Embassy Develop,532832,EMBDL,9008.51
Religare Enterp.,532915,RELIGARE,8994.68
Equitas Sma. Fin,543243,EQUITASBNK,8964.71
Saregama India,532163,SAREGAMA,8908.77
SPARC,532872,SPARC,8875.65
Bluestone Jewel,544484,BLUESTONE,8833.97
Bata India,500043,BATAINDIA,8816.97
Powergrid Infra.,543290,PGINVIT,8786.04
Eureka Forbes,543482,EUREKAFORB,8772.52
Quality Power El,544367,QPOWER,8746.56
Esab India,500133,ESABINDIA,8743.24
Tips Music,532375,TIPSMUSIC,8658.06
TTK Prestige,517506,TTKPRESTIG,8648.47
Time Technoplast,532856,TIMETECHNO,8633.69
Borosil Renew.,502219,BORORENEW,8593.74
G R Infraproject,543317,GRINFRA,8586.03
INDIA SHELTE FIN,544044,INDIASHLTR,8497.19
Jayaswal Neco,522285,JAYNECOIND,8474.87
KRBL,530813,KRBL,8462.04
Suven Life Scie.,530239,SUVEN,8455.68
Indo Count Inds.,521016,ICIL,8415.32
Welspun Enterp,532553,WELENT,8401.72
Clean Science,543318,CLEAN,8385.68
Aditya Vision,540205,AVL,8381.06
V2 Retail,532867,V2RETAIL,8373.9
Thyrocare Tech.,539871,THYROCARE,8358.55
Shreeji Ship. Gl,544490,SHREEJISPG,8355.28
Star Cement,540575,STARCEMENT,8303.9
Orkla India,544595,ORKLAINDIA,8300.87
Kama Holdings,532468,KAMAHOLD,8260.11
Sheela Foam,540203,SFL,8242.12
Sharda Cropchem,538666,SHARDACROP,8242.06
Power Mech Proj.,539302,POWERMECH,8239.83
Cera Sanitary.,532443,CERA,8173.88
Bajaj Consumer,533229,BAJAJCON,8140.13
Inox Green,543667,INOXGREEN,8063.97
Cello World,544012,CELLO,8062.32
Tata Tele. Mah.,532371,TTML,8058.2
Mah. Seamless,500265,MAHSEAMLES,8018.73
KRN Heat Exchan,544263,KRN,7985.93
Yatharth Hospit.,543950,YATHARTH,7977.65
NESCO,505355,NESCO,7973.23
RHI Magnesita,534076,RHIM,7955.48
KPI Green Energy,542323,KPIGREEN,7948.42
Mahindra Life.,532313,MAHLIFE,7941.67
Sanofi India,500674,SANOFI,7912.41
P N Gadgil Jewe.,544256,PNGJL,7854.79
GMR Urban,543490,GMRP&UI,7849.22
Safari Inds.,523025,SAFARI,7844.16
Mishra Dhatu Nig,541195,MIDHANI,7826.14
SKF India,500472,SKFINDIA,7812.42
Westlife Food,505533,WESTLIFE,7802.27
Indus Inf. Trust,544137,INDUSINVIT,7793.39
Birlasoft Ltd,532400,BSOFT,7784.06
EPL Ltd,500135,EPL,7773.64
E2E Networks,544783,E2E,7773.45
Sonata Software,532221,SONATSOFTW,7738.37
Pricol Ltd,540293,PRICOLLTD,7652.33
SG Mart,512329,SGMART,7610.62
Redtape,543957,REDTAPE,7587.29
Kirl. Ferrous,500245,KIRLFER,7583.88
Elantas Beck,500123,ELANTAS,7561.23
G N F C,500670,GNFC,7539.53
Kwality Wall's,544622,KWIL,7502.29
Sudarshan Chem.,506655,SUDARSCHEM,7459.62
GNG Electronics,544455,EBGNG,7454.05
R C F,524230,RCF,7445.09
Guj Pipavav Port,533248,GPPL,7442.54
Balaji Amines,530999,BALAMINES,7422.76
Guj. Ambuja Exp,524226,GAEL,7418.97
Birla Corpn.,500335,BIRLACORPN,7403.35
Dynamatic Tech.,505242,DYNAMATECH,7380.78
Max Estates,544008,MAXESTATES,7327.12
Indian Metals,533047,IMFA,7269.22
Aditya Bir. Fas.,535755,ABFRL,7252.25
Transport Corp.,532349,TCI,7229.43
Shakti Pumps,531431,SHAKTIPUMP,7197.83
Garware Tech.,509557,GARFIBRES,7174.45
Ganesh Housing,526367,GANESHHOU,7172.53
Bengal & Assam,533095,BENGALASM,7160.51
Prec. Wires (I),523539,PRECWIRE,7134.97
Tanla Platforms,532790,TANLA,7134.77
Jeena Sikho,544476,JSLL,7134.27
Galaxy Surfact.,540935,GALAXYSURF,7123.03
India Glycols,500201,INDIAGLYCO,7120.63
JK Lakshmi Cem.,500380,JKLAKSHMI,7100.43
SJS Enterprises,543387,SJS,7067.22
Sri Lotus,544469,LOTUSDEV,7064.49
Indiabulls,533520,IBULLSLTD,7035.21
Campus Activewe.,543523,CAMPUS,7013.22
FDC,531599,FDC,7009.75
Jyothy Labs,532926,JYOTHYLAB,6999.07
RaajMarg Infra,544734,RIIT,6988.2
Powerica Ltd,544744,POWERICA,6974.94
Rain Industries,500339,RAIN,6915.39
Dilip Buildcon,540047,DBL,6890.1
Dodla Dairy,543306,DODLA,6845.09
Kingfa Science,524019,KINGFA,6836.75
Suprajit Engg.,532509,SUPRAJIT,6806.15
Newgen Software,540900,NEWGEN,6778.48
Supriya Lifesci.,543434,SUPRIYA,6752.14
ISGEC Heavy,533033,ISGEC,6710.67
Ethos,543532,ETHOSLTD,6693.71
Transrail Light,544317,TRANSRAILL,6693.31
Vikram Solar,544488,VIKRAMSOLR,6625.65
Senores Pharma.,544319,SENORES,6580.78
Paisalo Digital,532900,PAISALO,6571.3
AXISCADES Tech.,532395,AXISCADES,6567.82
Nephrocare Health Services,544647,NEPHROPLUS,6563.26
JK Paper,532162,JKPAPER,6560.12
Kovai Medical,523323,KOVAI,6550.92
Praj Industries,522205,PRAJIND,6529.03
Citius Transnet,544753,CITIUSINVT,6525.17
Hindustan Foods,519126,HNDFDS,6520.36
Archean Chemical,543657,ACI,6503.18
Piccadily Agro,530305,PICCADIL,6464.35
Greenlam Industr,538979,GREENLAM,6462.91
Ceigall India,544223,CEIGALL,6454.3
G S F C,500690,GSFC,6407.54
NDR INVIT Trust,,NDRINVIT,6389.64
Alok Industries,521070,ALOKINDS,6325.72
V-Mart Retail,534976,VMART,6322.49
Kennametal India,505890,KENNAMET,6302.59
Aarti Pharma,543748,AARTIPHARM,6285.74
Skipper,538562,SKIPPER,6241.47
Shrem InvIT,,SHREMINVIT,6230.61
Omnitech Engg.,544720,OMNI,6209.88
Ashapura Minech.,527001,ASHAPURMIN,6194.9
Arvind Fashions.,542484,ARVINDFASN,6187.41
Hind.Construct.,500185,HCC,6166.21
Jai Balaji Inds.,532976,JAIBALAJI,6163.42
SIS,540673,SIS,6138.82
Latent View,543398,LATENTVIEW,6132.25
Gokaldas Exports,532630,GOKEX,6116.18
Gokul Agro,539725,GOKULAGRO,6115.67
TVS Supply,543965,TVSSCS,6108.11
CSB Bank,542867,CSBBANK,6091.08
Kalpat.,544423,KALPATARU,6085.8
Valor Estate,533160,DBREALTY,6039.69
PNC Infratech,539150,PNCINFRA,6032.55
Ajax Engineering,544356,AJAXENGG,6019.51
Sunflag Iron,500404,SUNFLAG,6007.61
Dhenu Buildcon,501945,,5999.06
I T D C,532189,ITDC,5994.43
GE Power,532309,GVPIL,5989.97
ASM Technologies,526433,,5989.44
Raghav Product.,539837,RPEL,5960.21
ION Exchange,500214,IONEXCHANG,5954.64
DCB Bank,532772,DCBBANK,5948.76
Unimech Aero.,544322,UNIMECH,5928.66
Sapphire Foods,543397,SAPPHIRE,5915.06
Fiem Industries,532768,FIEMIND,5876.8
Waterways Leisur,544802,CORDELIA,5849.51
MAS FINANC SER,540749,MASFIN,5844.61
AvenuesAI,539807,CCAVENUE,5825.41
Knowledge Marine,543273,KMEW,5782.36
Seshaasai Tech.,544533,STYL,5770.83
Prism Johnson,500338,PRSMJOHNSN,5768.5
Technocraf.Inds.,532804,TIIL,5744.85
Responsive Ind,505509,RESPONIND,5661.43
Surya Roshni,500336,SURYAROSNI,5658.55
Fedbank Financi.,544027,FEDFINA,5632.97
Innova Captab,544067,INNOVACAP,5610.08
Ahluwalia Contr.,532811,AHLUCONT,5600.16
Nirlon,500307,NIRLON,5597.36
Bliss GVS Pharma,506197,BLISSGVS,5557.35
MOIL,533286,MOIL,5557.2
SML Mahindra,505192,SMLMAH,5536.96
Sterling & Wils.,542760,SWSOLAR,5534.87
Balu Forge,531112,BALUFORGE,5477.21
Aeroflex,543972,AEROFLEX,5464.6
KSH Internationa,544664,KSHINTL,5439.77
Bansal Wire Inds,544209,BANSALWIRE,5418.4
Saatvik Green,544526,SAATVIKGL,5403.23
Senco Gold,543936,SENCO,5396.01
Neogen Chemicals,542665,NEOGEN,5386.53
Midwest Gold,526570,,5383.46
Jamna Auto Inds.,520051,JAMNAAUTO,5375.8
Subros,517168,SUBROS,5368.25
Greaves Cotton,501455,GREAVESCOT,5359.1
Standard Engineering Technology,544333,SETL,5342.38
Timex Group,500414,TIMEX,5324.6
Happiest Minds,543227,HAPPSTMNDS,5312.16
Centum Electron,517544,CENTUM,5288.83
Energy InfrTrust,542543,,5278.79
Keystone Realtor,543669,RUSTOMJEE,5271.15
Gulf Oil Lubric.,538567,GULFOILLUB,5269.32
Mrs Bectors,543253,BECTORFOOD,5264.87
Onemi Technology,544754,KISSHT,5212.03
Entero Healthcar,544122,ENTERO,5206.68
Smartworks Cowor,544447,SMARTWORKS,5202.93
Puravankara,532891,PURVA,5198.32
Electronics Mart,543626,EMIL,5176.81
Stylam Industrie,526951,STYLAMIND,5166.96
CMR Green Tech.,544777,CMRGREEN,5155.48
C.E. Info System,543425,MAPMYINDIA,5142.87
Lumax Industries,517206,LUMAXIND,5140.65
IFB Industries,505726,IFBIND,5118.49
Orchid Pharma,524372,ORCHPHARMA,5116.27
L G Balakrishnan,500250,LGBBROSLTD,5093.54
Sharda Motor,535602,SHARDAMOTR,5092.93
PTC India,532524,PTC,5080.99
Indigo Paints,543258,INDIGOPNTS,5078.91
ICRA,532835,ICRA,5076.55
Kusumgar,,,5049.14
NACL Industries,524709,NACLIND,5047.95
Datamatics Glob.,532528,DATAMATICS,5041.48
Zota Health Care,,ZOTA,5024.87
PDS,538730,PDSL,5011.31
Mastek,523704,MASTEK,5006.08
Tanfac Inds.,506854,,4997.13
Goldiam Intl.,526729,GOLDIAM,4990.98
M B Agro Prod.,,MBAPL,4981.6
Goodluck India,530655,GOODLUCK,4980.81
IOL Chemicals,524164,IOLCP,4975.27
Canara Robeco,544580,CRAMC,4967.48
CARE Ratings,534804,CARERATING,4961.77
Shilchar Tech.,531201,SHILCTECH,4948.11
Northern Arc,544260,NORTHARC,4945.36
Thomas Cook (I),500413,THOMASCOOK,4939.04
Sh.Renuka Sugar,532670,RENUKA,4921.07
Midwest,544587,MIDWESTLTD,4920.95
Rashi Peripheral,544119,RPTECH,4865.73
Netwrk.18 Media,532798,NETWORK18,4849.6
IRB InvIT Fund,540526,IRBINVIT,4848.53
Pilani Invest.,539883,PILANIINVS,4823.13
Dhanuka Agritech,507717,DHANUKA,4814.46
Avantel,532406,AVANTEL,4806.66
MSTC,542597,MSTCLTD,4793.9
Optiemus Infra.,530135,OPTIEMUS,4792.31
Sunteck Realty,512179,SUNTECK,4772.33
Symphony,517385,SYMPHONY,4771.97
RattanIndia Pow.,533122,RTNPOWER,4752.54
Refex Industries,532884,REFEX,4747.81
Texmaco Rail,533326,TEXRAIL,4746.09
Jana Small Finan,544118,JSFB,4729.29
Oswal Pumps,544418,OSWALPUMPS,4723.8
Electrost.Cast.,500128,ELECTCAST,4719.84
WPIL,505872,WPIL,4717.5
Just Dial,535648,JUSTDIAL,4708.76
Hawkins Cookers,508486,HAWKINCOOK,4708.4
Aurionpro Sol.,532668,AURIONPRO,4669.63
DEE Development,544198,DEEDEV,4645.49
Vadilal Inds.,519156,VADILALIND,4641.5
Mahindra Holiday,533088,MHRIL,4633.16
AGI Greenpac,500187,AGI,4599.34
Kaveri Seed Co.,532899,KSCL,4581.16
RattanIndia Ent,534597,RTNINDIA,4572.54
Swaraj Engines,500407,SWARAJENG,4553.76
Raymond Lifestyl,544240,RAYMONDLSL,4536.38
VST Industries,509966,VSTIND,4535.25
Rallis India,500355,RALLIS,4519.44
Mrugesh Trading,512065,,4509.53
Raymond Realty,544420,RAYMONDREL,4508.41
Pace Digitek,544550,PACEDIGITK,4496.21
Elitecon Inter.,539533,ELITECON,4483.78
Quess Corp,539978,QUESS,4465.11
SG Finserve,539199,SGFIN,4459.12
Moschip Tech.,532407,MOSCHIP,4447.54
The Anup Enginee,542460,ANUP,4426.76
Pondy Oxides,532626,POCL,4407.86
CMS Info Systems,543441,CMSINFO,4384.93
Bannari Amm.Sug.,500041,BANARISUG,4381.74
Websol Energy,517498,WEBELSOLAR,4363.36
Fineotex Chem,533333,FCL,4358.75
Epigral,543332,EPIGRAL,4348.65
Juniper Hotels,544129,JUNIPER,4346.57
Gujarat Alkalies,530001,GUJALKALI,4340.29
AGI Infra,539042,AGIIL,4339.92
Cyient DLM,543933,CYIENTDLM,4311.34
V I P Inds.,507880,VIPIND,4311.29
CIAN Agro,519477,,4303.25
Laxmi Organic,543277,LXCHEM,4289.86
Man Industries,513269,MANINDS,4257.91
PSP Projects,540544,PSPPROJECT,4253.17
Restaurant Brand,543248,RBA,4225.87
Share India Sec.,540725,SHAREINDIA,4223.31
Artemis Medicare,542919,ARTEMISMED,4212.51
Vaibhav Global,532156,VAIBHAVGBL,4209.79
Kirloskar Indus.,500243,KIRLOSIND,4209.26
RPG LifeScience.,532983,RPGLIFE,4199.91
John Cockerill,500147,COCKERILL,4189.62
Bajaj Hindusthan,500032,BAJAJHIND,4183.67
NRB Bearings,530367,NRBBEARING,4171.56
Sandhar Tech,541163,SANDHAR,4142.04
Aye Finance,544699,AYE,4137.31
Guj. Themis Bio.,506879,GUJTHEM,4129.77
V-Marc India,,VMARCIND,4118.8
Wakefit Innovati,544642,WAKEFIT,4108.51
Krishana Phosch.,,KRISHANA,4103.81
Raymond,500330,RAYMOND,4100.91
Capillary Tech.,544614,CAPILLARY,4098.37
VRL Logistics,539118,VRLLOG,4093.52
Man Infra,533169,MANINFRA,4091.14
Enviro Infra,544290,EIEL,4084.58
Indostar Capital,541336,INDOSTAR,4080.01
Shivalik Bimetal,513097,SBCL,4062.53
Vishnu Chemicals,516072,VISHNU,4054.07
Greenply Industr,526797,GREENPLY,4034.32
Sindhu Trade,532029,SINDHUTRAD,4019.79
JTEKT India,520057,JTEKTINDIA,4019.48
Sustainable Ener,,SEITINVIT,4009.5
Styrenix Perfor.,506222,STYRENIX,3986.44
Shoppers Stop,532638,SHOPERSTOP,3958.44
Hemisphere Prop,543242,HEMIPROP,3957.23
Dec.Gold Mines,512068,DECNGOLD,3955.13
SMS Pharma.,532815,SMSPHARMA,3937.14
Sanghvi Movers,530073,SANGHVIMOV,3929.25
VST Till. Tract.,531266,VSTTILLERS,3913.82
Kalyani Steels,500235,KSL,3898.87
GHCL,500171,GHCL,3897.09
TruAlt Bioenergy,544545,TRUALT,3881.17
Mahindra Logis.,540768,MAHLOG,3872.18
Turtlemint Fintech,544799,TURTLEMINT,3857.69
Foseco India,500150,FOSECOIND,3855.84
Harsha Engg Intl,543600,HARSHA,3850.27
Universal Cables,504212,UNIVCABLES,3848.43
Ashiana Housing,523716,ASHIANA,3844.05
Afcom Holdings,544224,,3839.88
Samhi Hotels,543984,SAMHI,3830.72
Steel Str. Wheel,513262,SSWL,3828.11
Savita Oil Tech,524667,SOTL,3826.37
Rolex Rings,543325,ROLEXRINGS,3820.85
KDDL Ltd,532054,KDDL,3818.93
Venus Pipes,543528,VENUSPIPES,3811.85
Gufic BioScience,509079,GUFICBIO,3800.72
Sanathan Textile,544314,SANATHAN,3800.29
Ram Ratna Wires,522281,RAMRAT,3789.99
Bajaj Electrical,500031,BAJAJELEC,3784.32
Lux Industries,539542,LUXIND,3776.09
Kesar India,543542,,3767.79
Mayur Uniquoters,522249,MAYURUNIQ,3765.15
Prem. Explosives,526247,PREMEXPLN,3741.27
J Kumar Infra,532940,JKIL,3710.27
Ideaforge Tech,543932,IDEAFORGE,3710.13
Kernex Microsys.,532686,KERNEX,3709.6
Ravindra Energy,504341,RELTD,3702.91
Bhagiradha Chem.,531719,BHAGCHEM,3700.09
Grauer & Weil,505710,GRAUWEIL,3694.4
Natl.Fertilizer,523630,NFL,3692.12
West Coast Paper,500444,WSTCSTPAPR,3691.22
Orient Electric,541301,ORIENTELEC,3683.72
TARC Ltd,543249,TARC,3682.77
Rossell Techsys,544294,ROSSTECH,3677.86
Ellen.Indl.Gas,544421,ELLEN,3675.61
Tour. Fin. Corp.,526650,TFCILTD,3663.07
Wheels India,590073,WHEELS,3654.56
Shanti Educat.,539921,SEIL,3645.04
Bosch Home Comfort,523398,BOSCH-HCIL,3639.78
SEAMEC Ltd,526807,SEAMECLTD,3633.51
H.G. Infra Engg.,541019,HGINFRA,3632.32
Hind Rectifiers,504036,HIRECT,3629.53
eMudhra,543533,EMUDHRA,3628.42
Indiqube Spaces,544454,INDIQUBE,3624.1
Muthoot Microfin,544055,MUTHOOTMF,3619.53
Fusion Finance,543652,FUSION,3617.69
Heidelberg Cem.,500292,HEIDELBERG,3608.81
Novartis India,500672,NOVARTIND,3605.96
Unichem Labs.,506690,UNICHEMLAB,3604.1
Anand Rathi Shar,544530,ARSSBL,3598.81
Advanced Enzyme,540025,ADVENZYMES,3597.8
KNR Construct.,532942,KNRCON,3568.85
Ashoka Buildcon,533271,ASHOKA,3568.01
D B Corp,533151,DBCORP,3565.99
Marine Electric.,,MARINE,3554.59
Pitti Engg.,513519,PITTIENG,3541.51
Welspun Special.,500365,WELSPLSOL,3540.37
Aarti Drugs,524348,AARTIDRUGS,3537.16
Bondada Engineer,543971,,3522.11
Crizac,544439,CRIZAC,3502.29
NIIT Learning,543952,NIITMTS,3477.06
Route Mobile,543228,ROUTE,3474.64
Indrapr.Medical,532150,INDRAMEDCO,3474.41
Yasho Industries,541167,YASHO,3463.76
GMM Pfaudler,505255,GMMPFAUDLR,3432.01
ADF Foods,519183,ADFFOODS,3427.77
Shanthi Gears,522034,SHANTIGEAR,3418.08
Rane (Madras),532661,RML,3417.33
MPS,532440,MPSLTD,3404.39
XPRO India,590013,XPROINDIA,3369.42
Panacea Biotec,531349,PANACEABIO,3356.55
Gopal Snacks,544140,GOPAL,3354.15
Morepen Labs.,500288,MOREPENLAB,3341.43
Sambhv Steel,544430,SAMBHV,3337.16
Network People,544396,NPST,3335.66
Navneet Educat.,508989,NAVNETEDUL,3307.12
Ramco Systems,532370,RAMCOSYS,3285.95
Jubilant Agri,544355,JUBLCPL,3266.88
Anzen IYEP Trust,543655,ANZEN,3247.63
Patel Engineerin,531120,PATELENG,3242.35
63 Moons Tech.,526881,63MOONS,3238.15
Kolte Patil Dev.,532924,KOLTEPATIL,3234.16
TVS Srichakra,509243,TVSSRICHAK,3227.19
Polyplex Corpn,524051,POLYPLEX,3207.83
Laser Power,,,3203.88
Carysil,524091,CARYSIL,3190.73
Euro Pratik Sale,544519,EUROPRATIK,3168.18
Steelcast,513517,STEELCAS,3162.51
Indo Tech.Trans.,532717,INDOTECH,3157.32
Ramco Inds.,532369,RAMCOIND,3114.18
Uflex,500148,UFLEX,3107.26
Nitin Spinners,532698,NITINSPIN,3106.17
Dishman Carbogen,540701,DCAL,3103.5
Pokarna,532486,POKARNA,3099.3
Chemplast Sanmar,543336,CHEMPLASTS,3098.94
JTL Industries,534600,JTLIND,3098.73
Kewal Kir.Cloth.,532732,KKCL,3098.52
Kitex Garments,521248,KITEX,3088.24
Jash Engineering,544402,JASH,3079.43
Spectrum Electr.,544386,SPECTRUM,3064.28
Balmer Lawrie,523319,BALMLAWRIE,3060.98
Interarch Build.,544232,INTERARCH,3059.76
Sasken Technol.,532663,SASKEN,3052.57
Heritage Foods,519552,HERITGFOOD,3052.03
Wonderla Holiday,538268,WONDERLA,3033.87
Bharat Bijlee,503960,BBL,3029.24
Concord Control,543619,,3011.13
RPSG Ventures,542333,RPSGVENT,3000.61
